Type,Name,Request Count,Failure Count,Median Response Time,Average Response Time,Min Response Time,Max Response Time,Average Content Size,Requests/s,Failures/s,50%,66%,75%,80%,90%,95%,98%,99%,99.9%,99.99%,100%
POST,/inference/v1/rerank,224,0,320.0,328.0872287785834,282.7784160617739,799.6270000003278,229537.70089285713,1.5040521519613568,0.0,320,330,330,340,360,380,400,420,800,800,800
METRIC,time_to_first_token,224,0,410.0,414.0022658040315,374.1614590398967,887.6432499382645,0.0,1.5040521519613568,0.0,410,410,420,420,440,460,480,490,890,890,890
METRIC,total_latency,224,0,410.0,414.31650093831456,374.40962507389486,887.9448750521988,0.0,1.5040521519613568,0.0,410,410,420,420,440,470,480,490,890,890,890
,Aggregated,672,0,400.0,385.46866517364316,282.7784160617739,887.9448750521988,76512.56696428571,4.51215645588407,0.0,400,410,410,420,430,450,480,490,890,890,890
