Type,Name,Request Count,Failure Count,Median Response Time,Average Response Time,Min Response Time,Max Response Time,Average Content Size,Requests/s,Failures/s,50%,66%,75%,80%,90%,95%,98%,99%,99.9%,99.99%,100%
POST,/inference/v1/rerank,573,0,140.0,147.88946787173327,126.6900422051549,274.7623750474304,57305.25828970331,3.820939982709605,0.0,140,160,160,160,160,160,180,200,270,270,270
METRIC,time_to_first_token,573,0,180.0,181.66427988840192,164.92166696116328,295.72779103182256,0.0,3.820939982709605,0.0,180,180,180,190,190,190,200,240,300,300,300
METRIC,total_latency,573,0,180.0,181.83895964321744,165.09395884349942,296.09866603277624,0.0,3.820939982709605,0.0,180,180,180,190,190,190,200,240,300,300,300
,Aggregated,1719,0,180.0,170.46423580111755,126.6900422051549,296.09866603277624,19101.75276323444,11.462819948128814,0.0,180,180,180,180,190,190,190,220,300,300,300
