Type,Name,Request Count,Failure Count,Median Response Time,Average Response Time,Min Response Time,Max Response Time,Average Content Size,Requests/s,Failures/s,50%,66%,75%,80%,90%,95%,98%,99%,99.9%,99.99%,100%
POST,/inference/v1/rerank,278,0,270.0,278.98710521135695,232.07758413627744,708.2817079499364,172167.78417266186,1.8553190945252613,0.0,270,280,280,290,330,350,360,380,710,710,710
METRIC,time_to_first_token,278,0,340.0,346.88797482815335,310.2729159872979,784.3160000629723,0.0,1.8553190945252613,0.0,340,340,350,350,390,400,420,470,780,780,780
METRIC,total_latency,278,0,340.0,347.2132110589673,310.6206660158932,784.6536671277136,0.0,1.8553190945252613,0.0,340,340,350,350,390,400,420,470,780,780,780
,Aggregated,834,0,340.0,324.3627636994925,232.07758413627744,784.6536671277136,57389.26139088729,5.565957283575784,0.0,340,340,340,350,370,390,400,430,780,780,780
