Type,Name,Request Count,Failure Count,Median Response Time,Average Response Time,Min Response Time,Max Response Time,Average Content Size,Requests/s,Failures/s,50%,66%,75%,80%,90%,95%,98%,99%,99.9%,99.99%,100%
POST,/inference/v1/rerank,859,0,100.0,108.92659511359689,91.1687498446554,597.5566250272095,34392.08847497089,5.739105255176244,0.0,100,120,120,120,120,120,140,160,600,600,600
METRIC,time_to_first_token,859,0,120.0,122.64686734258383,110.93295901082456,602.2609579376876,0.0,5.739105255176244,0.0,120,120,120,120,120,130,160,180,600,600,600
METRIC,total_latency,859,0,120.0,122.73758478171048,111.01658409461379,602.4075830355287,0.0,5.739105255176244,0.0,120,120,120,120,130,130,160,180,600,600,600
,Aggregated,2577,0,120.0,118.10368241263039,91.1687498446554,602.4075830355287,11464.029491656966,17.21731576552873,0.0,120,120,120,120,120,130,150,170,600,600,600
