Type,Name,Request Count,Failure Count,Median Response Time,Average Response Time,Min Response Time,Max Response Time,Average Content Size,Requests/s,Failures/s,50%,66%,75%,80%,90%,95%,98%,99%,99.9%,99.99%,100%
POST,/inference/v1/rerank,360,0,210.0,222.12814004548514,184.6912088803947,780.8793750591576,114695.32222222222,2.4122991384386436,0.0,220,230,230,230,240,260,320,330,780,780,780
METRIC,time_to_first_token,360,0,280.0,279.0735561290704,245.80450006760657,801.0815000161529,0.0,2.4122991384386436,0.0,280,280,280,280,290,310,350,360,800,800,800
METRIC,total_latency,360,0,280.0,279.371175257903,246.1120830848813,801.3425839599222,0.0,2.4122991384386436,0.0,280,280,280,280,290,310,350,360,800,800,800
,Aggregated,1080,0,270.0,260.19095714415283,184.6912088803947,801.3425839599222,38231.77407407408,7.236897415315932,0.0,270,280,280,280,290,300,340,350,800,800,800
