Type,Name,Request Count,Failure Count,Median Response Time,Average Response Time,Min Response Time,Max Response Time,Average Content Size,Requests/s,Failures/s,50%,66%,75%,80%,90%,95%,98%,99%,99.9%,99.99%,100%
POST,/inference/v1/rerank,1618,0,58,62.4556112068916,51.647541811689734,241.85495800338686,11462.371446229914,10.8012252887901,0.0,58,59,63,71,74,76,94,130,210,240,240
METRIC,time_to_first_token,1618,0,74,72.60249397698422,52.529791835695505,242.73395910859108,0.0,10.8012252887901,0.0,74,77,78,79,91,94,110,140,210,240,240
METRIC,total_latency,1618,0,74,72.65452065833756,52.554375026375055,243.8819999806583,0.0,10.8012252887901,0.0,74,77,78,79,91,94,110,140,210,240,240
,Aggregated,4854,0,68,69.23754194740445,51.647541811689734,243.8819999806583,3820.790482076638,32.4036758663703,0.0,69,75,77,77,84,93,110,140,210,240,240
