Type,Name,Request Count,Failure Count,Median Response Time,Average Response Time,Min Response Time,Max Response Time,Average Content Size,Requests/s,Failures/s,50%,66%,75%,80%,90%,95%,98%,99%,99.9%,99.99%,100%
POST,/inference/v1/rerank,619,0,130.0,139.14621439092883,116.82295799255371,278.5926670767367,45832.19870759289,4.15801641307423,0.0,130,150,150,150,150,150,180,200,280,280,280
METRIC,time_to_first_token,619,0,170.0,172.24270543076025,156.06662491336465,316.9911669101566,0.0,4.15801641307423,0.0,170,170,170,170,180,180,220,230,320,320,320
METRIC,total_latency,619,0,170.0,172.40465227409186,156.1978328973055,317.2008330002427,0.0,4.15801641307423,0.0,170,170,170,170,180,180,220,230,320,320,320
,Aggregated,1857,0,170.0,161.26452403192698,116.82295799255371,317.2008330002427,15277.39956919763,12.474049239222689,0.0,170,170,170,170,170,180,200,230,320,320,320
