Type,Name,Request Count,Failure Count,Median Response Time,Average Response Time,Min Response Time,Max Response Time,Average Content Size,Requests/s,Failures/s,50%,66%,75%,80%,90%,95%,98%,99%,99.9%,99.99%,100%
POST,/inference/v1/rerank,189,0,370.0,382.02543294170584,335.96666692756116,848.3803749550134,287012.68783068785,1.266671310404826,0.0,370,380,390,390,420,460,540,830,850,850,850
METRIC,time_to_first_token,189,0,470.0,479.37611993352965,430.02729094587266,953.7973750848323,0.0,1.266671310404826,0.0,470,480,480,490,510,530,590,930,950,950,950
METRIC,total_latency,189,0,470.0,479.71977441443534,430.32454093918204,954.1474999859929,0.0,1.266671310404826,0.0,470,480,480,490,510,530,590,930,950,950,950
,Aggregated,567,0,460.0,447.0404424298903,335.96666692756116,954.1474999859929,95670.89594356262,3.8000139312144774,0.0,460,470,480,480,500,520,590,830,950,950,950
