Type,Name,Request Count,Failure Count,Median Response Time,Average Response Time,Min Response Time,Max Response Time,Average Content Size,Requests/s,Failures/s,50%,66%,75%,80%,90%,95%,98%,99%,99.9%,99.99%,100%
POST,/inference/v1/rerank,1034,0,89,96.2563845897778,80.7479580398649,288.71800005435944,22927.04835589942,6.903950040017074,0.0,89,110,110,110,110,110,120,140,200,290,290
METRIC,time_to_first_token,1034,0,110.0,109.75167019057629,100.24445806629956,291.6787499561906,0.0,6.903950040017074,0.0,110,110,110,110,110,110,130,150,200,290,290
METRIC,total_latency,1034,0,110.0,109.81351457629893,100.30579101294279,291.8155000079423,0.0,6.903950040017074,0.0,110,110,110,110,110,110,130,150,200,290,290
,Aggregated,3102,0,110.0,105.27385645221767,80.7479580398649,291.8155000079423,7642.349451966474,20.71185012005122,0.0,110,110,110,110,110,110,130,150,200,290,290
